{
  "kanpur": [
    {
      "name": "Government Hospital A - Kanpur",
      "address": "Civil Lines, Kanpur",
      "phone": "0512-XXXXXXX"
    },
    {
      "name": "Private Hospital B - Kanpur",
      "address": "G.T. Road, Kanpur",
      "phone": "0512-YYYYYYY"
    }
  ],
  "delhi": [
    {
      "name": "All India Institute of Medical Sciences (AIIMS)",
      "address": "Ansari Nagar, New Delhi",
      "phone": "011-2658XXXX"
    },
    {
      "name": "Safdarjung Hospital",
      "address": "Ring Road, New Delhi",
      "phone": "011-2673XXXX"
    }
  ],
  "default": [
    {
      "name": "District Hospital",
      "address": "Nearest Town",
      "phone": "102"
    },
    {
      "name": "Primary Health Center (PHC)",
      "address": "Nearest Village",
      "phone": "102"
    }
  ]
}